﻿{
  "ProviderId": "Microsoft.VisualStudio.ConnectedService.Wcf",
  "Version": "15.0.40203.910",
  "ExtendedData": {
    "inputs": [
      "http://globalmetals.xignite.com/xGlobalMetals.asmx?wsdl"
    ],
    "collectionTypes": [
      "System.Array",
      "System.Collections.Generic.Dictionary`2"
    ],
    "namespaceMappings": [
      "*, xIgnite"
    ],
    "references": [
      "AdvancedStringBuilder, {AdvancedStringBuilder, 0.1.0}",
      "Autofac, {Autofac, 5.0.0}",
      "Autofac.Extensions.DependencyInjection, {Autofac.Extensions.DependencyInjection, 6.0.0}",
      "AutoMapper, {AutoMapper, 9.0.0}",
      "AutoMapper.Extensions.Microsoft.DependencyInjection, {AutoMapper.Extensions.Microsoft.DependencyInjection, 7.0.0}",
      "BouncyCastle.Crypto, {BouncyCastle.NetCore, 1.8.3}",
      "dotnet-bundle, {BundlerMinifier.Core, 3.2.447}",
      "EPPlus, {EPPlus, 4.5.3.3}",
      "FluentMigrator, {FluentMigrator, 3.2.6}",
      "FluentMigrator.Abstractions, {FluentMigrator.Abstractions, 3.2.6}",
      "FluentMigrator.Extensions.Oracle, {FluentMigrator.Extensions.Oracle, 3.2.6}",
      "FluentMigrator.Extensions.SqlAnywhere, {FluentMigrator.Extensions.SqlAnywhere, 3.2.6}",
      "FluentMigrator.Extensions.SqlServer, {FluentMigrator.Extensions.SqlServer, 3.2.6}",
      "FluentMigrator.Runner, {FluentMigrator.Runner, 3.2.6}",
      "FluentMigrator.Runner.Core, {FluentMigrator.Runner.Core, 3.2.6}",
      "FluentMigrator.Runner.Db2, {FluentMigrator.Runner.Db2, 3.2.6}",
      "FluentMigrator.Runner.Firebird, {FluentMigrator.Runner.Firebird, 3.2.6}",
      "FluentMigrator.Runner.Hana, {FluentMigrator.Runner.Hana, 3.2.6}",
      "FluentMigrator.Runner.MySql, {FluentMigrator.Runner.MySql, 3.2.6}",
      "FluentMigrator.Runner.Oracle, {FluentMigrator.Runner.Oracle, 3.2.6}",
      "FluentMigrator.Runner.Postgres, {FluentMigrator.Runner.Postgres, 3.2.6}",
      "FluentMigrator.Runner.Redshift, {FluentMigrator.Runner.Redshift, 3.2.6}",
      "FluentMigrator.Runner.SqlAnywhere, {FluentMigrator.Runner.SqlAnywhere, 3.2.6}",
      "FluentMigrator.Runner.SQLite, {FluentMigrator.Runner.SQLite, 3.2.6}",
      "FluentMigrator.Runner.SqlServer, {FluentMigrator.Runner.SqlServer, 3.2.6}",
      "FluentMigrator.Runner.SqlServerCe, {FluentMigrator.Runner.SqlServerCe, 3.2.6}",
      "FluentValidation, {FluentValidation, 8.6.2}",
      "FluentValidation.AspNetCore, {FluentValidation.AspNetCore, 8.6.2}",
      "FluentValidation.DependencyInjectionExtensions, {FluentValidation.DependencyInjectionExtensions, 8.6.2}",
      "Google.Protobuf, {Google.Protobuf, 3.6.1}",
      "Humanizer, {Humanizer.Core, 2.8.11}",
      "iTextSharp.LGPLv2.Core, {iTextSharp.LGPLv2.Core, 1.6.7}",
      "K4os.Compression.LZ4, {K4os.Compression.LZ4, 1.1.11}",
      "K4os.Compression.LZ4.Streams, {K4os.Compression.LZ4.Streams, 1.1.11}",
      "K4os.Hash.xxHash, {K4os.Hash.xxHash, 1.0.6}",
      "linq2db, {linq2db, 2.9.8}",
      "MailKit, {MailKit, 2.6.0}",
      "MaxMind.Db, {MaxMind.Db, 2.6.1}",
      "MaxMind.GeoIP2, {MaxMind.GeoIP2, 3.2.0}",
      "Microsoft.AspNetCore.Cryptography.Internal, {Microsoft.AspNetCore.Cryptography.Internal, 3.1.4}",
      "Microsoft.AspNetCore.DataProtection, {Microsoft.AspNetCore.DataProtection, 3.1.4}",
      "Microsoft.AspNetCore.DataProtection.Abstractions, {Microsoft.AspNetCore.DataProtection.Abstractions, 3.1.4}",
      "Microsoft.AspNetCore.DataProtection.AzureKeyVault, {Microsoft.AspNetCore.DataProtection.AzureKeyVault, 3.1.4}",
      "Microsoft.AspNetCore.DataProtection.AzureStorage, {Microsoft.AspNetCore.DataProtection.AzureStorage, 3.1.4}",
      "Microsoft.AspNetCore.DataProtection.StackExchangeRedis, {Microsoft.AspNetCore.DataProtection.StackExchangeRedis, 3.1.4}",
      "Microsoft.AspNetCore.JsonPatch, {Microsoft.AspNetCore.JsonPatch, 3.1.4}",
      "Microsoft.AspNetCore.Mvc.NewtonsoftJson, {Microsoft.AspNetCore.Mvc.NewtonsoftJson, 3.1.4}",
      "Microsoft.AspNetCore.Mvc.Razor.Extensions, {Microsoft.AspNetCore.Mvc.Razor.Extensions, 3.1.4}",
      "Microsoft.AspNetCore.Mvc.Razor.RuntimeCompilation, {Microsoft.AspNetCore.Mvc.Razor.RuntimeCompilation, 3.1.4}",
      "Microsoft.AspNetCore.Razor.Language, {Microsoft.AspNetCore.Razor.Language, 3.1.4}",
      "Microsoft.Azure.KeyVault, {Microsoft.Azure.KeyVault, 2.3.2}",
      "Microsoft.Azure.KeyVault.Core, {Microsoft.Azure.KeyVault.Core, 2.0.4}",
      "Microsoft.Azure.KeyVault.WebKey, {Microsoft.Azure.KeyVault.WebKey, 2.0.7}",
      "Microsoft.Azure.Services.AppAuthentication, {Microsoft.Azure.Services.AppAuthentication, 1.4.0}",
      "Microsoft.Azure.Storage.Blob, {Microsoft.Azure.Storage.Blob, 10.0.1}",
      "Microsoft.Azure.Storage.Common, {Microsoft.Azure.Storage.Common, 10.0.1}",
      "Microsoft.CodeAnalysis, {Microsoft.CodeAnalysis.Common, 3.3.0}",
      "Microsoft.CodeAnalysis.CSharp, {Microsoft.CodeAnalysis.CSharp, 3.3.0}",
      "Microsoft.CodeAnalysis.Razor, {Microsoft.CodeAnalysis.Razor, 3.1.4}",
      "Microsoft.Data.Edm, {Microsoft.Data.Edm, 5.8.4}",
      "Microsoft.Data.OData, {Microsoft.Data.OData, 5.8.4}",
      "Microsoft.Extensions.Configuration, {Microsoft.Extensions.Configuration, 3.1.0}",
      "Microsoft.Extensions.Configuration.Abstractions, {Microsoft.Extensions.Configuration.Abstractions, 3.1.4}",
      "Microsoft.Extensions.Configuration.FileExtensions, {Microsoft.Extensions.Configuration.FileExtensions, 3.1.0}",
      "Microsoft.Extensions.Configuration.Json, {Microsoft.Extensions.Configuration.Json, 3.1.0}",
      "Microsoft.Extensions.DependencyInjection, {Microsoft.Extensions.DependencyInjection, 2.0.0}",
      "Microsoft.Extensions.DependencyInjection.Abstractions, {Microsoft.Extensions.DependencyInjection.Abstractions, 3.1.4}",
      "Microsoft.Extensions.DependencyModel, {Microsoft.Extensions.DependencyModel, 3.1.4}",
      "Microsoft.Extensions.FileProviders.Abstractions, {Microsoft.Extensions.FileProviders.Abstractions, 3.1.4}",
      "Microsoft.Extensions.FileProviders.Physical, {Microsoft.Extensions.FileProviders.Physical, 3.1.0}",
      "Microsoft.Extensions.FileSystemGlobbing, {Microsoft.Extensions.FileSystemGlobbing, 3.1.0}",
      "Microsoft.Extensions.Hosting.Abstractions, {Microsoft.Extensions.Hosting.Abstractions, 3.1.4}",
      "Microsoft.Extensions.Logging, {Microsoft.Extensions.Logging, 2.0.1}",
      "Microsoft.Extensions.Logging.Abstractions, {Microsoft.Extensions.Logging.Abstractions, 3.1.4}",
      "Microsoft.Extensions.Options, {Microsoft.Extensions.Options, 3.1.4}",
      "Microsoft.Extensions.Primitives, {Microsoft.Extensions.Primitives, 3.1.4}",
      "Microsoft.IdentityModel.Clients.ActiveDirectory, {Microsoft.IdentityModel.Clients.ActiveDirectory, 5.2.0}",
      "Microsoft.Rest.ClientRuntime, {Microsoft.Rest.ClientRuntime, 2.3.8}",
      "Microsoft.Rest.ClientRuntime.Azure, {Microsoft.Rest.ClientRuntime.Azure, 3.3.7}",
      "Microsoft.Win32.Registry, {Microsoft.Win32.Registry, 4.7.0}",
      "Microsoft.WindowsAzure.Storage, {WindowsAzure.Storage, 9.3.3}",
      "MimeKit, {MimeKit, 2.6.0}",
      "MiniProfiler.AspNetCore, {MiniProfiler.AspNetCore, 4.1.0}",
      "MiniProfiler.AspNetCore.Mvc, {MiniProfiler.AspNetCore.Mvc, 4.1.0}",
      "MiniProfiler.Shared, {MiniProfiler.Shared, 4.1.0}",
      "MySql.Data, {MySql.Data, 8.0.20}",
      "Newtonsoft.Json, {Newtonsoft.Json, 12.0.3}",
      "Newtonsoft.Json.Bson, {Newtonsoft.Json.Bson, 1.0.2}",
      "NUglify, {NUglify, 1.5.14}",
      "Pipelines.Sockets.Unofficial, {Pipelines.Sockets.Unofficial, 2.0.17}",
      "RedLockNet.Abstractions, {RedLock.net, 2.2.0}",
      "RedLockNet.SERedis, {RedLock.net, 2.2.0}",
      "Renci.SshNet, {SSH.NET, 2016.1.0}",
      "SixLabors.ImageSharp, {SixLabors.ImageSharp, 1.0.0-rc0001}",
      "SshNet.Security.Cryptography, {SshNet.Security.Cryptography, 1.2.0}",
      "StackExchange.Redis, {StackExchange.Redis, 2.0.593}",
      "System.Collections, {System.Collections, 4.3.0}",
      "System.Collections.Concurrent, {System.Collections.Concurrent, 4.3.0}",
      "System.Collections.Immutable, {System.Collections.Immutable, 1.5.0}",
      "System.Collections.NonGeneric, {System.Collections.NonGeneric, 4.3.0}",
      "System.ComponentModel, {System.ComponentModel, 4.3.0}",
      "System.ComponentModel.Primitives, {System.ComponentModel.Primitives, 4.3.0}",
      "System.ComponentModel.TypeConverter, {System.ComponentModel.TypeConverter, 4.3.0}",
      "System.Configuration.ConfigurationManager, {System.Configuration.ConfigurationManager, 4.5.0}",
      "System.Data.Common, {System.Data.Common, 4.3.0}",
      "System.Data.DataSetExtensions, {System.Data.DataSetExtensions, 4.5.0}",
      "System.Data.SqlClient, {System.Data.SqlClient, 4.6.0}",
      "System.Data.SqlServerCe, {FluentMigrator.Runner.SqlServerCe, 3.2.6}",
      "System.Diagnostics.Debug, {System.Diagnostics.Debug, 4.3.0}",
      "System.Diagnostics.PerformanceCounter, {System.Diagnostics.PerformanceCounter, 4.5.0}",
      "System.Diagnostics.Process, {System.Diagnostics.Process, 4.3.0}",
      "System.Diagnostics.StackTrace, {System.Diagnostics.StackTrace, 4.3.0}",
      "System.Diagnostics.Tools, {System.Diagnostics.Tools, 4.3.0}",
      "System.Diagnostics.TraceSource, {System.Diagnostics.TraceSource, 4.0.0}",
      "System.Drawing.Common, {System.Drawing.Common, 4.7.0}",
      "System.Dynamic.Runtime, {System.Dynamic.Runtime, 4.3.0}",
      "System.Globalization, {System.Globalization, 4.3.0}",
      "System.Globalization.Extensions, {System.Globalization.Extensions, 4.3.0}",
      "System.IO, {System.IO, 4.3.0}",
      "System.IO.FileSystem, {System.IO.FileSystem, 4.3.0}",
      "System.IO.FileSystem.AccessControl, {System.IO.FileSystem.AccessControl, 4.7.0}",
      "System.IO.FileSystem.Primitives, {System.IO.FileSystem.Primitives, 4.3.0}",
      "System.IO.Pipelines, {System.IO.Pipelines, 4.5.1}",
      "System.Linq, {System.Linq, 4.3.0}",
      "System.Linq.Dynamic.Core, {System.Linq.Dynamic.Core, 1.1.0}",
      "System.Linq.Expressions, {System.Linq.Expressions, 4.3.0}",
      "System.Net.Http, {System.Net.Http, 4.3.4}",
      "System.Net.NameResolution, {System.Net.NameResolution, 4.3.0}",
      "System.Net.Primitives, {System.Net.Primitives, 4.3.0}",
      "System.Net.Requests, {System.Net.Requests, 4.3.0}",
      "System.Net.Security, {System.Net.Security, 4.3.2}",
      "System.Net.Sockets, {System.Net.Sockets, 4.1.0}",
      "System.Net.WebHeaderCollection, {System.Net.WebHeaderCollection, 4.3.0}",
      "System.ObjectModel, {System.ObjectModel, 4.3.0}",
      "System.Reflection, {System.Reflection, 4.3.0}",
      "System.Reflection.DispatchProxy, {System.Reflection.DispatchProxy, 4.5.0}",
      "System.Reflection.Emit, {System.Reflection.Emit, 4.3.0}",
      "System.Reflection.Emit.ILGeneration, {System.Reflection.Emit.ILGeneration, 4.3.0}",
      "System.Reflection.Emit.Lightweight, {System.Reflection.Emit.Lightweight, 4.3.0}",
      "System.Reflection.Extensions, {System.Reflection.Extensions, 4.3.0}",
      "System.Reflection.Metadata, {System.Reflection.Metadata, 1.6.0}",
      "System.Reflection.Primitives, {System.Reflection.Primitives, 4.3.0}",
      "System.Runtime, {System.Runtime, 4.3.0}",
      "System.Runtime.CompilerServices.Unsafe, {System.Runtime.CompilerServices.Unsafe, 4.6.0}",
      "System.Runtime.Extensions, {System.Runtime.Extensions, 4.3.0}",
      "System.Runtime.Handles, {System.Runtime.Handles, 4.3.0}",
      "System.Runtime.Loader, {System.Runtime.Loader, 4.3.0}",
      "System.Runtime.Serialization.Formatters, {System.Runtime.Serialization.Formatters, 4.3.0}",
      "System.Runtime.Serialization.Json, {System.Runtime.Serialization.Json, 4.3.0}",
      "System.Runtime.Serialization.Primitives, {System.Runtime.Serialization.Primitives, 4.3.0}",
      "System.Security.AccessControl, {System.Security.AccessControl, 4.7.0}",
      "System.Security.Claims, {System.Security.Claims, 4.3.0}",
      "System.Security.Cryptography.Algorithms, {System.Security.Cryptography.Algorithms, 4.3.1}",
      "System.Security.Cryptography.Encoding, {System.Security.Cryptography.Encoding, 4.3.0}",
      "System.Security.Cryptography.Pkcs, {System.Security.Cryptography.Pkcs, 4.7.0}",
      "System.Security.Cryptography.Primitives, {System.Security.Cryptography.Primitives, 4.3.0}",
      "System.Security.Cryptography.X509Certificates, {System.Security.Cryptography.X509Certificates, 4.3.2}",
      "System.Security.Cryptography.Xml, {System.Security.Cryptography.Xml, 4.7.0}",
      "System.Security.Permissions, {System.Security.Permissions, 4.7.0}",
      "System.Security.Principal, {System.Security.Principal, 4.3.0}",
      "System.Security.Principal.Windows, {System.Security.Principal.Windows, 4.7.0}",
      "System.Security.SecureString, {System.Security.SecureString, 4.3.0}",
      "System.ServiceModel, {System.ServiceModel.Primitives, 4.7.0}",
      "System.ServiceModel.Duplex, {System.ServiceModel.Duplex, 4.4.4}",
      "System.ServiceModel.Http, {System.ServiceModel.Http, 4.7.0}",
      "System.ServiceModel.NetTcp, {System.ServiceModel.NetTcp, 4.4.4}",
      "System.ServiceModel.Primitives, {System.ServiceModel.Primitives, 4.7.0}",
      "System.ServiceModel.Security, {System.ServiceModel.Security, 4.4.4}",
      "System.Spatial, {System.Spatial, 5.8.4}",
      "System.Text.Encoding, {System.Text.Encoding, 4.3.0}",
      "System.Text.Encoding.CodePages, {System.Text.Encoding.CodePages, 4.7.0}",
      "System.Text.Json, {System.Text.Json, 4.7.2}",
      "System.Text.RegularExpressions, {System.Text.RegularExpressions, 4.3.0}",
      "System.Threading, {System.Threading, 4.3.0}",
      "System.Threading.Channels, {System.Threading.Channels, 4.5.0}",
      "System.Threading.Tasks, {System.Threading.Tasks, 4.3.0}",
      "System.Threading.Tasks.Parallel, {System.Threading.Tasks.Parallel, 4.3.0}",
      "System.Threading.Thread, {System.Threading.Thread, 4.3.0}",
      "System.Threading.ThreadPool, {System.Threading.ThreadPool, 4.3.0}",
      "System.Threading.Timer, {System.Threading.Timer, 4.0.1}",
      "System.Windows.Extensions, {System.Windows.Extensions, 4.7.0}",
      "System.Xml.ReaderWriter, {System.Xml.ReaderWriter, 4.3.1}",
      "System.Xml.XDocument, {System.Xml.XDocument, 4.3.0}",
      "System.Xml.XmlDocument, {System.Xml.XmlDocument, 4.3.0}",
      "System.Xml.XPath, {System.Xml.XPath, 4.3.0}",
      "System.Xml.XPath.XmlDocument, {System.Xml.XPath.XmlDocument, 4.3.0}",
      "Ubiety.Dns.Core, {MySql.Data, 8.0.20}",
      "WebMarkupMin.AspNet.Common, {WebMarkupMin.AspNet.Common, 2.8.1}",
      "WebMarkupMin.AspNetCore3, {WebMarkupMin.AspNetCore3, 2.8.2}",
      "WebMarkupMin.Core, {WebMarkupMin.Core, 2.8.1}",
      "WebMarkupMin.NUglify, {WebMarkupMin.NUglify, 2.8.1}",
      "Zstandard.Net, {MySql.Data, 8.0.20}"
    ],
    "sync": true,
    "targetFramework": "netcoreapp3.1",
    "typeReuseMode": "All"
  }
}